Marketing,Newsletter,General Inquiry,Customer Feedback/Survey Request,Invoice,Password Reset,Event Invitation,Thank You Email:
"Subject: Special Offer: 20% Off on Your Next Purchase!

Dear Melissa,

We‚Äôre excited to offer you an exclusive discount of 20% off on your next purchase! Use code OFF20 at checkout to enjoy this special offer.

Hurry, this offer is valid until Thursday.

Best regards,  
Target","Subject: Monthly Newsletter ‚Äì September Edition

Dear Valeria,

Welcome to our September newsletter! This month, we cover updates on the COVID-19 pandemic.

Featured Article: COVID-19: Data NYC
Read more: https://www.nyc.gov/site/doh/covid/covid-19-data.page

Stay tuned for more updates next month.

Best regards,  
City of New York Health Department
","Subject: Inquiry About Product Availability

Dear Target staff,

I am interested in purchasing a broom, but it appears to be out of stock on your website and at your NYC location. Could you please let me know when it will be available again?

Thank you for your assistance.

Sincerely,  
Mira
","Subject: Your Feedback Matters!

Dear Amir,

Thank you for being a valued customer. We would love to hear your thoughts on your recent experience with us. Please take a moment to complete our short survey.

Your feedback will help us improve our services. Click here to start: [Survey Link]

Thank you!  
Empire State Building
","Subject: Invoice for Your Recent Purchase

Dear Kai,

Thank you for your recent purchase at MET Gift Shop. Please find your invoice attached with the details below:

- Invoice Number: 101239213
- Purchase Date: November 12th, 2024
- Total Amount: $10.20

If you have any questions regarding your invoice, feel free to contact us.

Best regards,  
MET Gift Shop
","Subject: Password Reset Request

Dear Charlotte,

We received a request to reset your password. Please click the link below to reset it:

[Reset Link]

If you did not request a password reset, please ignore this email or contact our support team.

Best regards,  
New York University
","Subject: You're Invited to Our Online Webinar!

Dear El,

We are excited to invite you to our upcoming webinar, ""New York City Job Market."" Join us on Friday to learn about job prospects and connect with industry experts.

Register here: [Registration Link]

We hope to see you there!

Best regards,  
New York City Young Professionals","Subject: Thank You for Your Support

Dear Zara,

We just wanted to take a moment to thank you for your continued support. Your trust and loyalty mean a lot to us, and we look forward to serving you again in the future.

If you have any feedback or suggestions, feel free to reach out.

Best regards,  
Hilton Hotel
"
"Subject: Special Offer: 25% Off on Your Next Purchase!

Dear Marco,

We‚Äôre excited to offer you an exclusive discount of 25% off on your next purchase! Use code ENDOFSEASON at checkout to enjoy this special offer.

Hurry, this offer is valid until October 15th, 2025.

Best regards,  
Kohls","Subject: Monthly Newsletter ‚Äì September Edition

Dear Maya,

Welcome to our March newsletter! This month, we cover exciting new activities in New York City.

Featured Article: The best things to do in NYC this weekend
Read more: https://www.timeout.com/newyork/things-to-do/things-to-do-in-nyc-this-weekend

Stay tuned for more updates next month.

Best regards,  
TimeOut
","Subject: Inquiry About Ticket Availability

Dear Ticketmaster staff,

I am interested in purchasing a concert ticket at Madison Square Garden, but it appears to be out of stock on your website. Could you please let me know when it will be available again?

Thank you for your assistance.

Sincerely,  
Jamal
","Subject: Your Feedback Matters!

Dear Elizabeth,

Thank you for being a valued customer. We would love to hear your thoughts on your recent experience with us. Please take a moment to complete our short survey.

Your feedback will help us improve our services. Click here to start: [Survey Link]

Thank you!  
Statue of Liberty
","Subject: Invoice for Your Recent Purchase

Dear An,

Thank you for your recent purchase at the Brooklyn Book Festival. Please find your invoice attached with the details below:

- Invoice Number: 934912
- Purchase Date: 03-02-2027
- Total Amount: 21.32 USD

If you have any questions regarding your invoice, feel free to contact us.

Best regards,  
Brooklyn Book Festival
","Subject: Password Reset Request

Dear Aman,

We received a request to reset your password. Please click the link below to reset it:

[Reset Link]

If you did not request a password reset, please ignore this email or contact our support team.

Best regards,  
Citibank
","Subject: You're Invited to Our Online Webinar!

Dear Jamal,

We are excited to invite you to our upcoming webinar, ""Making the Most of your Time at Columbia University."" Join us on August 17th, 2025 to learn about adjusting to college and connect with entering students.

Register here: [Registration Link]

We hope to see you there!

Best regards,  
Columbia University Orientation Staff
","Subject: Thank You for Your Support

Dear Marlee,

I just wanted to take a moment to thank you for your continued support as a dedicated New York City citizen. Your trust and loyalty means a lot to me, and I look forward to serving as your governor.

If you have any feedback or suggestions, feel free to reach out.

Best regards,  
Governor Kathy Hochul 
"
"Subject: Unleash Your Creativity with Our New Art Supplies!

Dear [Customer's Name],

Are you ready to bring your artistic visions to life? We‚Äôre thrilled to announce the launch of our brand-new line of premium art supplies at Creative Corner!

üåü What‚Äôs New:

High-quality paints in vibrant colors
Eco-friendly sketchbooks
Versatile brushes for every style
Special Offer: For a limited time, enjoy 20% off your first purchase from this new collection. Use code CREATE20 at checkout!

Visit us today to explore the new arrivals and let your creativity flow!

Happy creating,
The Creative Corner Team","Subject: üìö Your Monthly Book Nook: September Picks!

Dear Book Lovers,

Welcome to this month‚Äôs edition of The Book Nook! We‚Äôve curated a list of must-read titles to add to your collection.

This Month‚Äôs Picks:

""The Midnight Library"" by Matt Haig ‚Äì A thought-provoking exploration of choices and regrets.
""Klara and the Sun"" by Kazuo Ishiguro ‚Äì A beautifully written tale about love and artificial intelligence.
""The Vanishing Half"" by Brit Bennett ‚Äì A multi-generational story that examines identity and family ties.
Bonus: Share your thoughts on these reads with us for a chance to be featured in next month‚Äôs newsletter!

Happy reading,
The Book Nook Team","Subject: Inquiry About Upcoming Local Events

Dear Sarah,

I hope this message finds you well. I am reaching out to inquire about any upcoming local events or activities in Springfield. I‚Äôm particularly interested in community festivals or cultural events happening in the next month.

Could you please provide me with a schedule or any relevant information?

Thank you for your help!

Best regards,
John Smith
john.smith@email.com
","Subject: Request for Your Feedback

Dear Mr. Thompson,

Thank you for choosing Elite Travel Agency for your recent vacation. We strive to provide exceptional service and would greatly appreciate your feedback regarding your experience.

Please take a few moments to complete our customer satisfaction survey. Your insights will be invaluable in helping us enhance our services.

[Access the Survey]

Thank you for your time and support.

Sincerely,
Linda Carter
Customer Relations Manager
Elite Travel Agency",,,,"Thank you for confirming your Express Self Check-In!

Your submission of this self check-in confirms that you are entirely moved in to your residence hall and room.

Please reach out with any questions or concerns to studenthousing@wellesley.edu.

Wellesley's Res Life & Housing Team"
"Subject: Don‚Äôt Miss Our Exclusive Summer Sale!

Dear [Customer's Name],

Summer is here, and so are the savings! Join us at Fashion Hub for our Exclusive Summer Sale, where you can enjoy up to 50% off on selected items.

üëó What You‚Äôll Find:

Trendy summer dresses
Stylish swimwear
Accessories to complete your look
Hurry! The sale starts on July 15th and ends on July 31st. Stock is limited, so be sure to grab your favorites before they‚Äôre gone!

Shop now and elevate your summer wardrobe!

Cheers,
The Fashion Hub Team","Subject: üåü Your September Wellness Update!

Hello Wellness Enthusiasts,

Welcome to your monthly dose of health tips from Wellness Weekly! Here‚Äôs what we have for you this month:

This Month‚Äôs Focus: Mindfulness

Tip of the Month: Practice 5 minutes of mindfulness each morning to set a positive tone for your day.
Healthy Recipe: Try our delicious quinoa salad packed with nutrients! (Recipe link here)
Upcoming Events: Join our free mindfulness workshop on September 20th. Register here!

Take care of yourselves,
The Wellness Weekly Team","Subject: Request for Recipe Suggestions

Hi Chef Emma,

I hope you are doing well! I‚Äôm looking to try some new recipes and would love your suggestions. I enjoy cooking dishes that are vegetarian and would appreciate any recommendations you might have.

Thank you in advance!

Sincerely,
Emily Johnson
emily.johnson@email.com","Subject: We‚Äôd Love Your Thoughts!

Hey Laura,

Thanks for stopping by Nature‚Äôs Best! We‚Äôre always looking to improve and would love your feedback on your recent visit.

If you have a few minutes, could you share your thoughts in our short survey? It really helps us understand what we‚Äôre doing right and what we can do better!

[Give Us Your Feedback Here]

Thanks a bunch! You rock!

Cheers,
Emily
Nature‚Äôs Best Team",,,,
"Subject: Get Ready for Back-to-School Savings!

Hi [Customer's Name],

It‚Äôs that time of year again! Prepare your students for success with our Back-to-School Savings event at Edu Supplies.

üìö Special Offers Include:

Up to 30% off on school supplies
Buy one, get one 50% off on backpacks
Exclusive bundles for new students
Join us in-store or online from August 1st to August 31st to take advantage of these fantastic deals!

Let‚Äôs make this school year the best one yet!

Best wishes,
The Edu Supplies Team
","Subject: üåç Explore the World: September Travel Highlights!

Dear Travelers,

Welcome to this month‚Äôs edition of Wanderlust Weekly! We‚Äôre excited to share our top travel destinations for September.

Featured Destinations:

Santorini, Greece ‚Äì Enjoy stunning sunsets and delicious Mediterranean cuisine.
Kyoto, Japan ‚Äì Experience the beauty of traditional temples and fall foliage.
New Zealand ‚Äì Adventure awaits with breathtaking landscapes and outdoor activities.
Travel Tip: Book your accommodations early to snag the best deals!

Happy travels,
The Wanderlust Weekly Team","Email 1: Inquiry About Art Classes

Subject: Question About Art Classes Availability

Hello Creative Minds Studio,

I hope you‚Äôre doing well! I‚Äôm interested in enrolling in art classes and would like to know if you have any openings for beginners in oil painting starting in October.

Additionally, could you provide information about the class schedules and fees?

Thank you for your help!

Best,
Maya Rodriguez
maya.rodriguez@email.com","Subject: Help Us Improve - Share Your Thoughts!

Hello,

We hope this message finds you well! At Gadget World, customer satisfaction is our top priority, and we want to hear from you.

Please take a moment to complete our feedback survey. It will cover your recent purchase, product satisfaction, and service experience. Your input will be instrumental in helping us enhance our offerings.

[Start the Survey Now]

As a thank you, you will be entered into our monthly raffle for a chance to win a $50 gift card!

Best,
The Gadget World Team",,,,
"Subject: Discover the Flavors of Fall with Our New Menu!

Dear [Customer's Name],

Fall is in the air, and we‚Äôre excited to unveil our Seasonal Menu at The Flavor Bistro!

üçÇ Highlights Include:

Pumpkin Spice Latte
Savory Butternut Squash Soup
Maple Pecan Tart
Join us for a cozy dining experience and enjoy the flavors of the season. For the month of September, bring this email to receive a free dessert with any entr√©e purchase!

We can‚Äôt wait to welcome you!

Warmly,
The Flavor Bistro Team

","Subject: üõ†Ô∏è September Home Improvement Inspiration!

Hi DIY Enthusiasts,

Welcome to this month‚Äôs newsletter from Home Harmony! Let‚Äôs get inspired with some fantastic home improvement ideas.

This Month‚Äôs Highlights:

Project of the Month: Create a cozy reading nook with these simple steps!
Color of the Month: Soft blues to bring a calming vibe to your spaces.
Home Maintenance Checklist: Prepare your home for the fall season.
Community Spotlight: Share your home projects with us for a chance to be featured in next month‚Äôs newsletter!

Happy renovating,
The Home Harmony Team","

Subject: Hiking Trail Recommendations

Hi Outdoor Adventure Team,

I‚Äôm planning a hiking trip to Lakeview National Park and wanted to ask if you could recommend any trails suitable for beginner hikers. I‚Äôll be visiting in early November and would love to explore the natural beauty of the area.

Any tips on must-see spots would also be appreciated!

Thanks!
Jake Thompson
jake.thompson@email.com","Subject: Your Opinion Matters to Us!

Dear Sarah Johnson,

We hope you had a fantastic experience during your recent visit to Cozy Caf√©! We‚Äôre always striving to enhance our service, and we would love to hear your thoughts.

Could you please take a few minutes to fill out our feedback survey? Your insights will help us serve you better.

[Click Here to Share Your Feedback]

Thank you for being a valued customer!

Warm regards,
James Lee
Manager, Cozy Caf√©",,,,
"Subject: Join Our Exclusive Membership Program!

Hello [Customer's Name],

We‚Äôre excited to invite you to join our VIP Membership Program at Wellness Haven!

‚ú® As a member, you will enjoy:

15% off all products
Early access to new arrivals
Exclusive invitations to members-only events
Signing up is easy and free! Simply visit our website or stop by our store to become a member today!

Thank you for being a valued part of our community. We can‚Äôt wait to enhance your wellness journey!

Best regards,
The Wellness Haven Team","Subject: üöÄ Tech Trends: What‚Äôs New in September!

Dear Tech Enthusiasts,

Welcome to Tech Talk Monthly! Here‚Äôs your roundup of the latest innovations and trends in technology.

This Month‚Äôs Highlights:

Gadget Review: Check out our thoughts on the latest smartwatch ‚Äì is it worth the hype?
Tech Trend: The rise of AI in everyday applications ‚Äì what to expect in the coming years.
Upcoming Webinars: Join our webinar on cybersecurity essentials on September 25th!
Stay ahead of the curve,
The Tech Talk Team","Subject: Inquiry Regarding Historical Tours

Dear Heritage Tours,

I‚Äôm very interested in the historical tours you offer in Old Town. I‚Äôll be in the area from October 10-15 and would like to know if you have any tours scheduled during that week.

Do you also have group discounts or special packages?

Looking forward to your response!
Best regards,
Lisa Carter
lisa.carter@email.com","Subject: We Value Your Feedback!

Hi Mark,

Thank you for shopping with us at Trendy Apparel! We hope you‚Äôre enjoying your new clothes. To help us improve our service, we‚Äôd appreciate it if you could take a moment to complete a quick survey.

[Take the Survey]

Your feedback is invaluable to us, and as a token of appreciation, you‚Äôll receive 10% off your next purchase upon completion!

Thank you,
The Trendy Apparel Team",,,,
"Thank you for choosing United.
A receipt of your purchase is shown below. Please retain this email receipt for your records.
Note: There are travel restrictions in place due to the coronavirus. Check our Important notices page for the latest updates
Get ready for your trip: Visit the Travel-Ready Center, your one-stop digital assistant, to find out about important travel requirements specific to your trip.
Confirmation Number:
CHX39X",,"Subject: Local Farmers' Market Schedule

Hello Green Valley Community,

I‚Äôm looking to explore some local farmers‚Äô markets in Green Valley. Can you please provide information on the days and times the markets are open? I‚Äôm particularly interested in fresh produce and homemade goods.

Thank you for your assistance!
Warm regards,
Sarah Kim
sarah.kim@email.com",,,,,
"	Thank you for booking with us

Dear Joan Shaw,

Thank you for choosing KLM! You've successfully paid for your booking. We'll send your tickets in a separate e-mail. In this booking confirmation, you'll find:

Details of your flight, passengers, and extra options
Your payment confirmation
Information to prepare for your trip
Frequently asked questions

Booking code: NSA19
Flight dates: October 16th to November 7th
Flight locations: Boston to New York City",,,,,,,